Model Name,Label,Fieldname,Field Type,Mandatory Request Data? ,Data Table ,Code Table
,,,,,,
Policy,Product Name,ProductCode,String,Y,,
Policy,ProductVersion,ProductVersion,String,,,
,,,,,,
,,,,,,
,,,,,,
,,,,,,
,,,,Y,,
Policy,lineOfBusinessCode,LineOfBusinessCode,String,,lineofBusinessCode,
,,,,,,
,,,,,,
,,,,,,
,,,,,,
,,,,,,
,,,,,,
Policy,referenceNumber,CarrierReferenceNumber,Long,,,
Policy,quoteNumber,CarrierQuoteNumber,String,,,
Policy,PolicyNo,CarrierPolicyNo,String,,,
,,,,,,
,,,,,,
,,,,,,
,,,,,,
,,,,,,
Policy,AgencyCode,AgencyCode,String,,,
,,,,,,
,,,,,,
,,,,,,
PolicyPaymentInfo,BillingType,BillingType,String,,,
PolicyPaymentInfo,PaymentPlan,PaymentPlan,String,,,
,,,,,,
,,,,,,
,,,,,,
,,,,,,
Policy,policyStage,PolicyStage,String,,CarrierPolicyStage,
Policy,policyStatus,CarrierPolicyStatus,String,,CarrierPolicyStatus,
,,,,,,
Policy,Effective Date,EffectiveDate,Date,Y,,
Policy,Expiry Date,ExpiryDate,Date,Y,,
,,,,,,
,,,,,,
,,,,,,
,,,,,,
,,,,,,
,,,,,,
,,,,,,
Policy,,CarrierProductCode,String,,CarrierProductMaster,
,,,,,,
,,,,,,
,,,,,,
,,,,,,
,,,,,,
,,,,,,
,,,,,,
,,,,,,
,,,,,,
Policy,Effective Date,EffectiveDate,Date,Y,,
Policy,Expiry Date,ExpiryDate,Date,Y,,
Policy,Policy Term (days),PolicyTerm,Integer,Y,,
,,,,,,
,,,,,,
PolicyCoverage,Does the business employ a professional cleaner to clean the exhaust or extraction system ducting annually?,CommercialCookingClauseQuestion,String,C,T_YesNo,
,,,,,,
,,,,,,
,,,,,,
,,,,,,
,,,,,,
,,,,,,
,,,,,,
,,,,,,
,,,,,,
,,,,,,
,,,,,,
PolicyEntity,Do you require flood cover?,QuestionId,Long,C,QuestionMaster,QuestionMaster
,,AnswerCode,String,,T_YesNo,T_YesNo
,,,,,,
,,,,,,
,,,,,,
,,,,,,
,,,,,,
,,,,,,
,,,,,,
,,,,,,
,,,,,,
Policy,trackingNumber,TrackingNumber,String,Y,,
,,,,,,
,,,,,,
,,,,,,
,,,,,,
,,,,,,
,,,,,,
,,,,,,
,,,,,,
,,,,,,
,,,,,,
,,,,,,
,,,,,,
,,,,,,
,,,,,,
,,,,,,
PolicyCustomer,CustomerName,CustomerName,String,Y,,
,,,,,,
,,,,,,
,,,,,,
,,,,,,
,,,,,,
Policy,ABN,ABN,String,O,,
,,,,,,
Policy,Annual Turnover,Turnover,Double,Y,,
,,,,,,
Policy,Number of Employees,NumberofEmployees,Integer,Y,,
,,,,,,
Policy,Year Business Started,YearBusinessStarted,String,Y,,
,,,,,,
Policy,yearsInBusiness,YearsInBusiness,Integer,Y,,
,,,,,,
Policy,failureScore,FailureScore,String,O,,
,,,,,,
Policy,latePaymentScore,LatePaymentScore,String,O,,
,,,,,,
,,,,,,
,,,,,,
,,,,,,
PolicyRisk,lineOfBusinessCode,LineOfBusinessCode,String,Y,lineofBusinessCode,
,,,,,,
,,,,,,
,,,,,,
,,,,,,
,,,,,,
,,,,,,
,,,,,,
PolicyCustomer,,CustomerType,String,,,
PolicyCustomer,StreetName,StreetName ,String,Y,,
PolicyCustomer,line1,AddressLine1,String,Y,,
,,,,,,
,,,,,,
PolicyCustomer,line2,AddressLine2,String,Y,,
,,,,,,
,,,,,,
PolicyCustomer,typeCode,AddressTypeCode,String,,,
PolicyCustomer,countryCode,CountryCode,String,Y,,
,,,,,,
PolicyCustomer,city,City,String,Y,,
,,,,,,
,,,,,,
,,,,,,
PolicyCustomer,stateOrProvinceCode,StateOrProvinceCode,String,Y,,
,,,,,,
,,,,,,
,,,,,,
,,,,,,
,,,,,,
PolicyCustomer,postalCode,PostalCode,String,Y,,
Policy,ABN,ABN,String,O,,
,,,,,,
PolicyCustomer,CustomerName,CustomerName,String,Y,,
,,,,,,
,,,,,,
,,,,,,
Policy,Business Description ,JobDescription,String,Y,,
,,,,,,
,,,,,,
,,,,,,
,,,,,,
,,,,,,
Policy,ANZSIC Code,ANZSICCode,Long,Y,T_ANZIC_Business_Master,T_ANZIC_Business_Master
,,,,,,
,,,,,,
,,,,,,
,,,,,,
,,,,,,
,,,,,,
,,,,,,
,,,,,,
PolicyCustomer,fullAddress,FullAddress,String,Y,,
,,,,,,
,,,,,,
,,,,,,
PolicyCustomer,latitude,Latitude,String,Y,,
,,,,,,
,,,,,,
PolicyCustomer,longitude,Longitude,String,Y,,
,,,,,,
,,,,,,
PolicyCustomer,gnafPID,GnafPID,String,Y,,
,,,,,,
,,,,,,
PolicyCustomer,IsManualAddress,IsManualAddress,String,,T_Yes_No,
,,,,,,
PolicyRisk,Location Type,LocationType,String,Y,T_Location_Type,
,,,,,,
,,,,,,
,,,,,,
PolicyRisk,Type of Business ,TypeOfBusiness,String,Y,T_Business_Type,
,,,,,,
,,,,,,
,,,,,,
,,,,,,
,,,,,,
,,,,,,
,,,,,,
,,,,,,
,,,,,,
,,,,,,
,,,,,,
,,,,,,
,,,,,,
,,,,,,
PolicyRisk,businessKey,CarrierbusinessKey,String,Y,,
,,,,,,
,,,,,,
PolicyRisk,appliesToCode,CarrierAppliesToCode,String,Y,,
,,,,,,
PolicyRisk,Flood_FL_rate_SME_Cts,Flood_FL_rate_SME_Cts,String,Y,,
,,,,,,
PolicyRisk,Flood_FL_rate_SME_Bld,Flood_FL_rate_SME_Bld,String,Y,,
,,,,,,
PolicyRisk,bushfire_risk_score,Bushfire_risk_score,String,Y,,
,,,,,,
PolicyRisk,cyclone_risk_score,Cyclone_risk_score,String,Y,,
,,,,,,
PolicyRisk,noOfLevel,NoOfLevel,Integer,Y,,
,,,,,,
PolicyRisk,storm_risk_score_SME_Bld,Storm_risk_score_SME_Bld,String,Y,,
,,,,,,
PolicyRisk,storm_risk_score_SME_Cts,Storm_risk_score_SME_Cts,String,Y,,
,,,,,,
PolicyRisk,bld_elevation,Bld_elevation,String,Y,,
,,,,,,
PolicyRisk,flood_FL_ARI_GL,Flood_FL_ARI_GL,String,Y,,
,,,,,,
PolicyRisk,security,SecurityFeatures,String,Y,,
,,,,,,
PolicyRisk,roofMaterial,RoofMaterial,String,Y,,
,,,,,,
PolicyRisk,ruralMetro,RuralMetro,String,Y,RuralMetroPostcode,
,,,,,,
PolicyRisk,terrorLevyTier,TerrorLevyTier,String,Y,RuralMetroPostcode,
,,,,,,
PolicyRisk,Year Built,YearBuilt,Date,Y,,
,,,,,,
PolicyRisk,Floor Construction,FloorConstruction,String,Y,T_Floor_Construction,
,,,,,,
PolicyRisk,Roof Construction,RoofConstruction,String,Y,T_Roof_Construction,
,,,,,,
PolicyRisk,Wall Construction,WallConstruction,String,Y,T_Wall_Construction,
,,,,,,
PolicyRisk,Sandwich Panel or EPS ,SandwichPanelorEPS,Integer,Y,,
,,,,,,
PolicyRisk,Number of Stories,NumberOfStoriesInTheBuilding,String,Y,,
,,,,,,
PolicyRisk,Heritage Listing,AreAnyOfTheBuildingsHeritageListed,String,Y,,
,,,,,,
PolicyRisk,Lowest Floor You Occupy,LocatedFloor,String,Y,T_LowestFloor,
,,,,,,
PolicyRisk,isTheftCoverage,IsTheftCoverage,String,C,,
,,,,,,
PolicyRisk,isMoneyCoverage,IsMoneyCoverage,String,C,,
,,,,,,
PolicyRisk,isGlassCoverage,IsGlassCoverage,String,,,
,,,,C,,
PolicyRisk,floorConstruction_Name,FloorConstruction_Name,String,Y,T_Floor_Construction,T_Floor_Construction
,,,,,,
PolicyRisk,wallConstruction_Name,WallConstruction_Name,String,Y,T_Wall_Construction,T_Wall_Construction
,,,,,,
PolicyRisk,lowestFloorYouOccupy_Name,LowestFloorYouOccupy_Name,String,Y,T_LowestFloor,T_LowestFloor
,,,,,,
PolicyRisk,roofConstruction_Name,RoofConstruction_Name,String,Y,T_Roof_Construction,T_Roof_Construction
,,,,,,
PolicyRisk,Interested Party,RiskInterestedParty,String,O,,
PolicyCoverage ,Does the business employ a professional cleaner to clean the exhaust or extraction system ducting annually? ,CommercialCookingClauseQuestion,String,C,T_YesNo,T_YesNo
,,,,,,
,,,,,,
,,,,,,
,,,,,,
,,,,,,
,,,,,,
,,,,,,
,,,,,,
PolicyCoverage ,Do you require flood cover?,FloodCoverQuestion,String,C,T_YesNo,T_YesNo
,,,,,,
,,,,,,
,,,,,,
,,,,,,
,,,,,,
,,,,,,
,,,,,,
,,,,,,
,,,,,,
,,,,,,
,,,,,,
,,,,,,
,,,,,,
,,,,,,
,,,,,,
,,,,,,
,,,,,,
,,,,,,
,,,,,,
,,,,,,
,,,,,,
,,,,,,
,,,,,,
,,,,,,
,,,,,,
,,,,,,
,,,,,,
,,,,,,
,,,,,,
,,,,,,
,,,,,,
,,,,,,
,,,,,,
,,,,,,
,,,,,,
,,,,,,
,,,,,,
,,,,,,
,,,,,,
,,,,,,
,,,,,,
,,,,,,
,,,,,,
,,,,,,
,,,,,,
,,,,,,
,,,,,,
,,,,`,,
,,,,,,
,,,,,,
,,,,,,
,,,,,,
,,,,,,
,,,,,,
,,,,,,
,,,,,,
,,,,,,
,,,,,,
,,,,,,
,,,,,,
,,,,,,
,,,,,,
,,,,,,
,,,,,,
,,,,,,
,,,,,,
,,,,,,
,,,,,,
,,,,,,
,,,,,,
,,,,,,
,,,,,,
,,,,,,
,,,,,,
,,,,,,
,,,,,,
,,,,,,
,,,,,,
,,,,,,
,,,,,,
,,,,,,
,,,,,,
,,,,,,
,,,,,,
,,,,,,
,,,,,,
,,,,,,
,,,,,,
,,,,,,
,,,,,,
,,,,,,
,,,,,,
,,,,,,
,,,,,,
,,,,,,
,,,,,,
,,,,,,
,,,,,,
,,,,,,
,,,,,,
,,,,,,
,,,,,,
,,,,,,
,,,,,,
,,,,,,
,,,,,,
,,,,,,
,,,,,,
,,,,,,
,,,,,,
,,,,,,
,,,,,,
,,,,,,
,,,,,,
,,,,,,
,,,,,,
,,,,,,
,,,,,,
,,,,,,
,,,,,,
,,,,,,
,,,,,,
,,,,,,
,,,,,,
,,,,,,
,,,,,,
,,,,,,
,,,,,,
,,,,,,
,,,,,,
,,,,,,
,,,,,,
,,,,,,
,,,,,,
,,,,,,
,,,,,,
,,,,,,
,,,,,,
,,,,,,
,,,,,,
,,,,,,
,,,,,,
,,,,,,
,,,,,,
,,,,,,
,,,,,,
,,,,,,
,,,,,,
,,,,,,
,,,,,,
,,,,,,
,,,,,,
,,,,,,
,,,,,,
,,,,,,
,,,,,,
,,,,,,
,,,,,,
,,,,,,
Policy,GST on Broker Fees,GSTBrokerFee,Double,,,
,,,,,,
,,,,,,
,,,,,,
,,,,,,
,,,,,,
,,,,,,
,,,,,,
,,,,,,
,,,,,,
,,,,,,
,,,,,,
,,,,,,
,,,,,,
,,,,,,
,,,,,,
Policy,GST on Agent Fees,GSTAgentFee,Double,,,
,,,,,,
,,,,,,
,,,,,,
,,,,,,
,,,,,,
,,,,,,
,,,,,,
,,,,,,
,,,,,,
,,,,,,
,,,,,,
,,,,,,
,,,,,,
,,,,,,
,,,,,,
,,,,,,
,,,,,,
,,,,,,
,,,,,,
,,,,,,
,,,,,,
,,,,,,
,,,,,,
,,,,,,
,,,,,,
,,,,,,
,,,,,,
,,,,,,
,,,,,,
,,,,,,
,,,,,,
Policy,GSTBrokerCommission,GSTBrokerCommission,Double,,,
,,,,,,
,,,,,,
,,,,,,
,,,,,,
,,,,,,
,,,,,,
,,,,,,
,,,,,,
,,,,,,
,,,,,,
,,,,,,
,,,,,,
,,,,,,
,,,,,,
,,,,,,
,,,,,,
,,,,,,
,,,,,,
,,,,,,
,,,,,,
,,,,,,
,,,,,,
,,,,,,
,,,,,,
,,,,,,
,,,,,,
,,,,,,
,,,,,,
,,,,,,
,,,,,,
,,,,,,
,,,,,,
,,,,,,
,,,,,,
,,,,,,
,,,,,,
,,,,,,
,,,,,,
,,,,,,
,,,,,,
,,,,,,
,,,,,,
,,,,,,
,,,,,,
,,,,,,
,,,,,,
,,,,,,
,,,,,,
,,,,,,
,,,,,,
,,,,,,
,,,,,,
,,,,,,
,,,,,,
,,,,,,
,,,,,,
,,,,,,
,,,,,,
,,,,,,
,,,,,,
,,,,,,
,,,,,,
,,,,,,
,,,,,,
,,,,,,
,,,,,,
,,,,,,
,,,,,,
,,,,,,
,,,,,,
,,,,,,
,,,,,,
,,,,,,
,,,,,,
,,,,,,
,,,,,,
,,,,,,
,,,,,,
,,,,,,
,,,,,,
,,,,,,
,,,,,,
,,,,,,
,,,,,,
,,,,,,
,,,,,,
,,,,,,
,,,,,,
,,,,,,
,,,,,,
,,,,,,
,,,,,,
,,,,,,
,,,,,,
,,,,,,
,,,,,,
,,,,,,
,,,,,,
,,,,,,
,,,,,,
,,,,,,
,,,,,,
,,,,,,
,,,,,,
,,,,,,
,,,,,,
,,,,,,
,,,,,,
,,,,,,
,,,,,,
,,,,,,
,,,,,,
,,,,,,
,,,,,,
,,,,,,
,,,,,,
,,,,,,
,,,,,,
,,,,,,
,,,,,,
,,,,,,
,,,,,,
,,,,,,
,,,,,,
,,,,,,
,,,,,,
,,,,,,
,,,,,,
,,,,,,
,,,,,,
,,,,,,
,,,,,,
,,,,,,
,,,,,,
,,,,,,
,,,,,,
,,,,,,
,,,,,,
,,,,,,
,,,,,,
,,,,,,
,,,,,,
,,,,,,
,,,,,,
,,,,,,
,,,,,,
,,,,,,
,,,,,,
,,,,,,
,,,,,,
,,,,,,
,,,,,,
,,,,,,
,,,,,,
,,,,,,
,,,,,,
,,,,,,
,,,,,,
,,,,,,
,,,,,,
,,,,,,
,,,,,,
,,,,,,
,,,,,,
,,,,,,
,,,,,,
,,,,,,
,,,,,,
,,,,,,
,,,,,,
,,,,,,
,,,,,,
,,,,,,
,,,,,,
,,,,,,
,,,,,,
,,,,,,
,,,,,,
,,,,,,
,,,,,,
,,,,,,
,,,,,,
,,,,,,
,,,,,,
,,,,,,
,,,,,,
,,,,,,
,,,,,,
,,,,,,
,,,,,,
,,,,,,
,,,,,,
,,,,,,
,,,,,,
,,,,,,
,,,,,,
,,,,,,
,,,,,,
,,,,,,
,,,,,,
,,,,,,
,,,,,,
,,,,,,
,,,,,,
,,,,,,
,,,,,,
,,,,,,
,,,,,,
,,,,,,
,,,,,,
,,,,,,
,,,,,,
,,,,,,
,,,,,,
,,,,,,
,,,,,,
,,,,,,
,,,,,,
,,,,,,
,,,,,,
,,,,,,
,,,,,,
,,,,,,
,,,,,,
,,,,,,
,,,,,,
,,,,,,
,,,,,,
,,,,,,
,,,,,,
,,,,,,
,,,,,,
,,,,,,
,,,,,,
,,,,,,
,,,,,,
,,,,,,
,,,,,,
,,,,,,
,,,,,,
,,,,,,
,,,,,,
,,,,,,
,,,,,,
,,,,,,
,,,,,,
,,,,,,
,,,,,,
,,,,,,
,,,,,,
,,,,,,
,,,,,,
,,,,,,
,,,,,,
,,,,,,
,,,,,,
,,,,,,
,,,,,,
,,,,,,
,,,,,,
,,,,,,
,,,,,,
,,,,,,
,,,,,,
,,,,,,
,,,,,,
,,,,,,
,,,,,,
,,,,,,
,,,,,,
,,,,,,
,,,,,,
,,,,,,
,,,,,,
,,,,,,
,,,,,,
,,,,,,
,,,,,,
,,,,,,
,,,,,,
,,,,,,
,,,,,,
,,,,,,
,,,,,,
,,,,,,
,,,,,,
,,,,,,
,,,,,,
,,,,,,
,,,,,,
,,,,,,
,,,,,,
,,,,,,
,,,,,,
,,,,,,
,,,,,,
,,,,,,
,,,,,,
,,,,,,
,,,,,,
,,,,,,
,,,,,,
,,,,,,
,,,,,,
,,,,,,
,,,,,,
,,,,,,
,,,,,,
,,,,,,
,,,,,,
,,,,,,
,,,,,,
,,,,,,
,,,,,,
,,,,,,
,,,,,,
,,,,,,
,,,,,,
,,,,,,
,,,,,,
,,,,,,
,,,,,,
,,,,,,
,,,,,,
,,,,,,
,,,,,,
,,,,,,
,,,,,,
,,,,,,
,,,,,,
,,,,,,
,,,,,,
,,,,,,
,,,,,,
,,,,,,
,,,,,,
,,,,,,
,,,,,,
,,,,,,
,,,,,,
,,,,,,
,,,,,,
,,,,,,
,,,,,,
,,,,,,
,,,,,,
,,,,,,
,,,,,,
,,,,,,
,,,,,,
,,,,,,
,,,,,,
,,,,,,
,,,,,,
,,,,,,
,,,,,,
,,,,,,
,,,,,,
,,,,,,
,,,,,,
,,,,,,
,,,,,,
,,,,,,
,,,,,,
,,,,,,
,,,,,,
,,,,,,
,,,,,,
,,,,,,
,,,,,,
,,,,,,
,,,,,,
,,,,,,
,,,,,,
,,,,,,
,,,,,,
,,,,,,
,,,,,,
,,,,,,
,,,,,,
,,,,,,
,,,,,,
,,,,,,
,,,,,,
,,,,,,
,,,,,,
,,,,,,
,,,,,,
,,,,,,
,,,,,,
,,,,,,
,,,,,,
,,,,,,
,,,,,,
,,,,,,
,,,,,,
,,,,,,
,,,,,,
,,,,,,
,,,,,,
,,,,,,
,,,,,,
,,,,,,
,,,,,,
,,,,,,
,,,,,,
,,,,,,
,,,,,,
,,,,,,
,,,,,,
,,,,,,
,,,,,,
,,,,,,
,,,,,,
,,,,,,
,,,,,,
,,,,,,
,,,,,,
,,,,,,
,,,,,,
,,,,,,
,,,,,,
,,,,,,
,,,,,,
,,,,,,
,,,,,,
,,,,,,
,,,,,,
,,,,,,
,,,,,,
,,,,,,
,,,,,,
,,,,,,
,,,,,,
,,,,,,
,,,,,,
,,,,,,
,,,,,,
,,,,,,
,,,,,,
,,,,,,
,,,,,,
,,,,,,
,,,,,,
,,,,,,
,,,,,,
,,,,,,
,,,,,,
,,,,,,
,,,,,,
,,,,,,
,,,,,,
,,,,,,
,,,,,,
,,,,,,
,,,,,,
,,,,,,
,,,,,,
,,,,,,
,,,,,,
,,,,,,
,,,,,,
,,,,,,
,,,,,,
,,,,,,
,,,,,,
,,,,,,
,,,,,,
,,,,,,
,,,,,,
,,,,,,
,,,,,,
,,,,,,
,,,,,,
,,,,,,
,,,,,,
,,,,,,
,,,,,,
,,,,,,
,,,,,,
,,,,,,
,,,,,,
,,,,,,
,,,,,,
,,,,,,
,,,,,,
,,,,,,
,,,,,,
,,,,,,
,,,,,,
,,,,,,
,,,,,,
,,,,,,
,,,,,,
,,,,,,
,,,,,,
,,,,,,
,,,,,,
,,,,,,
,,,,,,
,,,,,,
,,,,,,
,,,,,,
,,,,,,
,,,,,,
,,,,,,
,,,,,,
,,,,,,
,,,,,,
,,,,,,
,,,,,,
,,,,,,
,,,,,,
,,,,,,
,,,,,,
,,,,,,
,,,,,,
,,,,,,
,,,,,,
,,,,,,
,,,,,,
,,,,,,
,,,,,,
,,,,,,
,,,,,,
,,,,,,
,,,,,,
,,,,,,
,,,,,,
,,,,,,
,,,,,,
,,,,,,
,,,,,,
,,,,,,
,,,,,,
Policy,Broker Fees,BrokerFee,Double,,,
,,,,,,
,,,,,,
,,,,,,
,,,,,,
,,,,,,
,,,,,,
,,,,,,
,,,,,,
,,,,,,
,,,,,,
Policy,AgentFees,AgentFees,Double,,,
,,,,,,
,,,,,,
,,,,,,
,,,,,,
,,,,,,
,,,,,,
,,,,,,
,,,,,,
,,,,,,
,,,,,,
,,,,,,
,,,,,,
,,,,,,
,,,,,,
,,,,,,
,,,,,,
,,,,,,
,,,,,,
,,,,,,
,,,,,,
,,,,,,
Policy,Liability Commission,LibCommission,Integer,,,
,,,,,,
,,,,,,
,,,,,,
,,,,,,
,,,,,,
,,,,,,
,,,,,,
,,,,,,
,,,,,,
,,,,,,
,,,,,,
,,,,,,
,,,,,,
,,,,,,
,,,,,,
,,,,,,
,,,,,,
,,,,,,
,,,,,,
,,,,,,
,,,,,,
,,,,,,
,,,,,,
,,,,,,
,,,,,,
,,,,,,
,,,,,,
,,,,,,
,,,,,,
,,,,,,
,,,,,,
,,,,,,
,,,,,,
,,,,,,
,,,,,,
,,,,,,
,,,,,,
,,,,,,
,,,,,,
,,,,,,
,,,,,,
,,,,,,
,,,,,,
,,,,,,
,,,,,,
,,,,,,
,,,,,,
,,,,,,
,,,,,,
,,,,,,
,,,,,,
,,,,,,
,,,,,,
,,,,,,
,,,,,,
,,,,,,
,,,,,,
,,,,,,
,,,,,,
,,,,,,
,,,,,,
,,,,,,
,,,,,,
,,,,,,
,,,,,,
,,,,,,
,,,,,,
,,,,,,
,,,,,,
,,,,,,
,,,,,,
,,,,,,
,,,,,,
,,,,,,
,,,,,,
,,,,,,
,,,,,,
,,,,,,
,,,,,,
,,,,,,
,,,,,,
,,,,,,
,,,,,,
,,,,,,
,,,,,,
,,,,,,
,,,,,,
,,,,,,
,,,,,,
,,,,,,
,,,,,,
,,,,,,
,,,,,,
,,,,,,
,,,,,,
,,,,,,
,,,,,,
,,,,,,
,,,,,,
,,,,,,
,,,,,,
,,,,,,
,,,,,,
,,,,,,
,,,,,,
,,,,,,
,,,,,,
,,,,,,
,,,,,,
,,,,,,
,,,,,,
,,,,,,
,,,,,,
,,,,,,
,,,,,,
,,,,,,
,,,,,,
,,,,,,
,,,,,,
,,,,,,
,,,,,,
,,,,,,
,,,,,,
,,,,,,
,,,,,,
,,,,,,
,,,,,,
,,,,,,
,,,,,,
,,,,,,
,,,,,,
,,,,,,
,,,,,,
,,,,,,
,,,,,,
,,,,,,
,,,,,,
,,,,,,
,,,,,,
,,,,,,
,,,,,,
,,,,,,
,,,,,,
,,,,,,
,,,,,,
,,,,,,
,,,,,,
,,,,,,
,,,,,,
,,,,,,
,,,,,,
,,,,,,
,,,,,,
,,,,,,
,,,,,,
,,,,,,
,,,,,,
,,,,,,
,,,,,,
,,,,,,
,,,,,,
,,,,,,
,,,,,,
,,,,,,
,,,,,,
,,,,,,
,,,,,,
,,,,,,
,,,,,,
Policy,Due Premium,DuePremium,Double,,,
,,,,,,
,,,,,,
,,,,,,
,,,,,,
,,,,,,
,,,,,,
,,,,,,
,,,,,,
,,,,,,
,,,,,,
,,,,,,
,,,,,,
,,,,,,
,,,,,,
,,,,,,
,,,,,,
,,,,,,
,,,,,,
,,,,,,
,,,,,,
,,,,,,
,,,,,,
,,,,,,
,,,,,,
,,,,,,
,,,,,,
,,,,,,
,,,,,,
,,,,,,
,,,,,,
,,,,,,
Policy,Had any insurance declined or cancelled?,Hadanyinsurdeclinedorcancelled,String,,T_YesNo,T_YesNo
,,,,,,
,,,,,,
,,,,,,
,,,,,,
,,,,,,
,,,,,,
Policy,Been convicted of any criminal offence?,ConvictedCriminalOffence,String,,T_YesNo,T_YesNo
,,,,,,
,,,,,,
,,,,,,
,,,,,,
,,,,,,
,,,,,,
Policy,Been declared bankrupt or involved in a business which became insolvent or is subject to any form of insolvency administration? ,BankruptorInsolvencyBusiness,String,,T_YesNo,T_YesNo
,,,,,,
,,,,,,
,,,,,,
,,,,,,
,,,,,,
,,,,,,
Policy,Suffered any loss or damage which would have been covered by the proposed insurance policy?,Sufferedlossordamagecovbyinspol,String,,T_YesNo,T_YesNo
,,,,,,
,,,,,,
,,,,,,
,,,,,,
,,,,,,
,,,,,,
,,,,,,
,,,,,,
,,,,,,
Policy,Are you claiming NSW stamp duty exemption? ,NSWstampDutyExemption,String,Y,T_YesNo,T_YesNo
,,,,,,
Policy,Liability Commission,LibCommission,Integer,Y,,
,,,,,,
Policy,Property Comission,PropCommission,Integer,Y,,
,,,,,,
,,,,,,
,,,,,,
,,,,,,
PolicyCoverage ,LineOfBusinessCode,LineOfBusinessCode,String,Y,lineofBusinessCode,
,,,,,,
PolicyCoverage ,ProductElementCode,ProductElementCode,String,C,,
,,,,O,,
PolicyCoverage ,directorHistory,DirectorHistory,String,,,
,,,,O,,
PolicyCoverage ,creditScore,CreditScore,String,,,
,,,,,,
PolicyCoverage ,import,Import,String,Y,,
,,,,,,
Policy,Annual Turnover,Turnover,Double,Y,,
,,,,,,
Policy,Number of Employees,NumberofEmployees,Integer,Y,,
,,,,,,
PolicyCoverage ,Annual Wages,AnnualWages,Integer,Y,,
,,,,,,
PolicyCoverage ,"Property in Your Physical or Legal Care, Custody or Control ",PropertyUnderYourCareorCustody,Integer,Y,,
,,,,,,
PolicyCoverage ,Contractor or Labour Hire Payments,ConctororLabourHirePaynts,Integer,Y,,
,,,,,,
PolicyCoverage ,Excess for each Claim ,Excess,Double,Y,T_Excess,T_Excess
,,,,,,
PolicyCoverage ,Interested Party,BLInterestedParty,String,O,,
PolicyEntity,Is the business licensed to serve alcohol? ,QuestionId,Long,Y,QuestionMaster,QuestionMaster
,,AnswerCode,String,,T_YesNo,T_YesNo
,,,,,,
,,,,,,
,,,,,,
,,,,,,
PolicyEntity,Does the restaurant have a dance floor? ,QuestionId,Long,Y,QuestionMaster,QuestionMaster
,,AnswerCode,String,,T_YesNo,T_YesNo
,,,,,,
,,,,,,
,,,,,,
,,,,,,
PolicyEntity,Does the Business import or export goods?,QuestionId,Long,Y,QuestionMaster,QuestionMaster
,,AnswerCode,String,,T_YesNo,T_YesNo
,,,,,,
,,,,,,
,,,,,,
,,,,,,
PolicyEntity,Claims In Last Five Years?,QuestionId,Long,Y,QuestionMaster,QuestionMaster
,,AnswerCode,String,,T_YesNo,T_YesNo
,,,,,,
,,,,,,
,,,,,,
,,,,,,
PolicyEntity,Does the business import or export goods from the US or Canada?,QuestionId,Long,Y,QuestionMaster,QuestionMaster
,,AnswerCode,String,,T_YesNo,T_YesNo
,,,,,,
,,,,,,
,,,,,,
,,,,,,
,,,,,,
,,,,,,
,,,,,,
,,,,,,
,,,,,,
,,,,,,
,,,,,,
,,,,,,
,,,,,,
,,,,,,
,,,,,,
,,,,,,
,,,,,,
,,,,,,
,,,,,,
,,,,,,
,,,,,,
PolicyBenefit,ProductElementCode,ProductElementCode,String,Y,,
,,,,,,
,,,,,,
,,,,,,
,,,,,,
,,,,,,
,,,,,,
,,,,,,
,,,,,,
,,,,,,
,,,,,,
,,,,,,
,,,,,,
PolicyBenefit,Limits of Liability,LimitOfLiability,Integer,Y,T_BL_Limits,T_BL_Limits
,,,,,,
,,,,,,
,,,,,,
PolicyBenefit,Tax Audit Sum Insured,TaxAuditSI,Integer,Y,T_TaxAuditSI,T_TaxAuditSI
,,,,,,
,,,,,,
,,,,,,
PolicyBenefit,Excess for each Claim,Excess,Double,Y,T_Excess,T_Excess
,,,,,,
,,,,,,
,,,,,,
PolicyCoverage ,STAMP DUTY,StampDuty,Double,,,
,,,,,,
,,,,,,
,,,,,,
,,,,,,
,,,,,,
,,,,,,
,,,,,,
,,,,,,
,,,,,,
,,,,,,
,,,,,,
,,,,,,
,,,,,,
,,,,,,
,,,,,,
,,,,,,
,,,,,,
PolicyCoverage ,GST,GST,Double,,,
,,,,,,
,,,,,,
,,,,,,
,,,,,,
,,,,,,
,,,,,,
,,,,,,
,,,,,,
,,,,,,
,,,,,,
,,,,,,
,,,,,,
,,,,,,
,,,,,,
,,,,,,
,,,,,,
,,,,,,
PolicyCoverage ,EMERGENCY SERVICE LEVY,EmergencyServiceLevy,Double,,,
,,,,,,
,,,,,,
,,,,,,
,,,,,,
,,,,,,
,,,,,,
,,,,,,
,,,,,,
,,,,,,
,,,,,,
,,,,,,
,,,,,,
,,,,,,
,,,,,,
,,,,,,
PolicyCoverage ,GSTBrokerCommission,GSTBrokerCommission,Double,,,
,,,,,,
,,,,,,
,,,,,,
,,,,,,
,,,,,,
,,,,,,
,,,,,,
,,,,,,
,,,,,,
,,,,,,
,,,,,,
,,,,,,
,,,,,,
,,,,,,
,,,,,,
PolicyCoverage ,GSTAgentCommission,GSTAgentCommission,Double,,,
,,,,,,
,,,,,,
,,,,,,
,,,,,,
,,,,,,
,,,,,,
,,,,,,
,,,,,,
,,,,,,
,,,,,,
,,,,,,
,,,,,,
,,,,,,
,,,,,,
,,,,,,
,,,,,,
,,,,,,
,,,,,,
,,,,,,
,,,,,,
,,,,,,
,,,,,,
,,,,,,
,,,,,,
,,,,,,
,,,,,,
,,,,,,
,,,,,,
,,,,,,
,,,,,,
,,,,,,
,,,,,,
,,,,,,
,,,,,,
,,,,,,
,,,,,,
,,,,,,
,,,,,,
,,,,,,
,,,,,,
,,,,,,
,,,,,,
,,,,,,
,,,,,,
,,,,,,
,,,,,,
,,,,,,
,,,,,,
,,,,,,
,,,,,,
,,,,,,
,,,,,,
,,,,,,
,,,,,,
,,,,,,
,,,,,,
,,,,,,
,,,,,,
,,,,,,
,,,,,,
,,,,,,
,,,,,,
,,,,,,
,,,,,,
,,,,,,
,,,,,,
,,,,,,
,,,,,,
,,,,,,
,,,,,,
,,,,,,
,,,,,,
,,,,,,
,,,,,,
,,,,,,
,,,,,,
PolicyCoverage ,Liability Commission,LibCommission,Integer,,,
,,,,,,
,,,,,,
,,,,,,
,,,,,,
,,,,,,
,,,,,,
,,,,,,
,,,,,,
,,,,,,
,,,,,,
,,,,,,
,,,,,,
,,,,,,
,,,,,,
,,,,,,
,,,,,,
,,,,,,
,,,,,,
,,,,,,
,,,,,,
,,,,,,
,,,,,,
,,,,,,
,,,,,,
,,,,,,
,,,,,,
,,,,,,
,,,,,,
,,,,,,
,,,,,,
,,,,,,
,,,,,,
,,,,,,
,,,,,,
,,,,,,
,,,,,,
,,,,,,
,,,,,,
,,,,,,
PolicyCoverage ,GrossPremium,GrossPremium,Double,,,
,,,,,,
,,,,,,
,,,,,,
,,,,,,
,,,,,,
,,,,,,
,,,,,,
,,,,,,
,,,,,,
,,,,,,
,,,,,,
,,,,,,
,,,,,,
,,,,,,
,,,,,,
,,,,,,
,,,,,,
,,,,,,
,,,,,,
,,,,,,
,,,,,,
,,,,,,
,,,,,,
,,,,,,
,,,,,,
,,,,,,
,,,,,,
,,,,,,
,,,,,,
,,,,,,
,,,,,,
,,,,,,
PolicyCoverage ,LineOfBusinessCode,LineOfBusinessCode,String,Y,lineofBusinessCode,
,,,,,,
PolicyCoverage ,ProductElementCode,ProductElementCode,String,,,
PolicyCoverage ,Indemnity Period ,IndemnityPeriod,String,Y,T_Indemnity_Period,T_Indemnity_Period
,,,,,,
PolicyCoverage ,indemnityPeriod_Name,IndemnityPeriod_Name,String,Y,,
,,,,,,
PolicyCoverage ,Annual Gross Profit,AnnualGrossProfit,Double,,,
PolicyCoverage ,GrossProfit,GrossProfit,String,Y,,
,,,,,,
Policy,Annual Turnover,Turnover,Double,Y,,
,,,,,,
PolicyCoverage ,Additional Increase Cost of Work,AdditionIncreaseCostOfWorking,Integer,O,,
,,,,,,
PolicyCoverage ,Claim Preparation Cost,ClaimPreparationCost,Integer,O,,
,,,,,,
PolicyCoverage ,Excess for each Claim ,Excess,Double,Y,T_Excess,T_Excess
,,,,,,
PolicyCoverage ,Interested Party,BIInterestedParty,String,O,,
,,,,,,
PolicyCoverage,Claims In Last Five Years?,ClaimsInLastFiveYears,String,Y,T_YesNo,T_YesNo
,,,,,,
,,,,,,
,,,,,,
,,,,,,
,,,,,,
,,,,,,
,,,,,,
,,,,,,
,,,,,,
,,,,,,
,,,,,,
,,,,,,
,,,,,,
,,,,,,
,,,,,,
,,,,,,
,,,,,,
,,,,,,
,,,,,,
,,,,,,
,,,,,,
,,,,,,
,,,,,,
,,,,,,
,,,,,,
PolicyBenefit,ProductElementCode,ProductElementCode,String,Y,,
,,,,,,
,,,,,,
,,,,,,
,,,,,,
,,,,,,
,,,,,,
,,,,,,
,,,,,,
,,,,,,
,,,,,,
,,,,,,
,,,,,,
PolicyBenefit,Sum Insured,SumInsured,Double,Y,,
,,,,,,
,,,,,,
,,,,,,
PolicyBenefit,Excess,Excess,Double,Y,T_Excess,T_Excess
,,,,,,
,,,,,,
,,,,,,
PolicyCoverage ,STAMP DUTY,StampDuty,Double,,,
,,,,,,
,,,,,,
,,,,,,
,,,,,,
,,,,,,
,,,,,,
,,,,,,
,,,,,,
,,,,,,
,,,,,,
,,,,,,
,,,,,,
,,,,,,
,,,,,,
,,,,,,
,,,,,,
,,,,,,
,,,,,,
,,,,,,
,,,,,,
PolicyCoverage ,GST,GST,Double,,,
,,,,,,
,,,,,,
,,,,,,
,,,,,,
,,,,,,
,,,,,,
,,,,,,
,,,,,,
,,,,,,
,,,,,,
,,,,,,
,,,,,,
,,,,,,
,,,,,,
,,,,,,
,,,,,,
,,,,,,
,,,,,,
,,,,,,
,,,,,,
PolicyCoverage ,EMERGENCY SERVICE LEVY,EmergencyServiceLevy,Double,,,
,,,,,,
,,,,,,
,,,,,,
,,,,,,
,,,,,,
,,,,,,
,,,,,,
,,,,,,
,,,,,,
,,,,,,
,,,,,,
,,,,,,
,,,,,,
,,,,,,
,,,,,,
,,,,,,
,,,,,,
,,,,,,
,,,,,,
,,,,,,
PolicyCoverage ,GSTBrokerCommission,GSTBrokerCommission,Double,,,
,,,,,,
,,,,,,
,,,,,,
,,,,,,
,,,,,,
,,,,,,
,,,,,,
,,,,,,
,,,,,,
,,,,,,
,,,,,,
,,,,,,
,,,,,,
,,,,,,
,,,,,,
,,,,,,
,,,,,,
,,,,,,
,,,,,,
,,,,,,
PolicyCoverage ,GSTAgentCommission,GSTAgentCommission,Double,,,
,,,,,,
,,,,,,
,,,,,,
,,,,,,
,,,,,,
,,,,,,
,,,,,,
,,,,,,
,,,,,,
,,,,,,
,,,,,,
,,,,,,
,,,,,,
,,,,,,
,,,,,,
,,,,,,
,,,,,,
,,,,,,
,,,,,,
,,,,,,
,,,,,,
,,,,,,
,,,,,,
,,,,,,
,,,,,,
,,,,,,
,,,,,,
,,,,,,
,,,,,,
,,,,,,
,,,,,,
,,,,,,
,,,,,,
,,,,,,
,,,,,,
,,,,,,
,,,,,,
,,,,,,
,,,,,,
,,,,,,
,,,,,,
,,,,,,
,,,,,,
,,,,,,
,,,,,,
,,,,,,
,,,,,,
,,,,,,
,,,,,,
,,,,,,
,,,,,,
,,,,,,
,,,,,,
,,,,,,
,,,,,,
,,,,,,
,,,,,,
,,,,,,
,,,,,,
,,,,,,
,,,,,,
,,,,,,
,,,,,,
,,,,,,
,,,,,,
,,,,,,
,,,,,,
,,,,,,
,,,,,,
,,,,,,
,,,,,,
,,,,,,
,,,,,,
,,,,,,
,,,,,,
,,,,,,
,,,,,,
,,,,,,
,,,,,,
,,,,,,
,,,,,,
,,,,,,
,,,,,,
,,,,,,
,,,,,,
,,,,,,
PolicyCoverage ,Property Comission,PropCommission,Integer,,,
,,,,,,
,,,,,,
,,,,,,
,,,,,,
,,,,,,
,,,,,,
,,,,,,
,,,,,,
,,,,,,
,,,,,,
,,,,,,
,,,,,,
,,,,,,
,,,,,,
,,,,,,
,,,,,,
,,,,,,
,,,,,,
,,,,,,
,,,,,,
,,,,,,
,,,,,,
,,,,,,
,,,,,,
,,,,,,
,,,,,,
,,,,,,
,,,,,,
,,,,,,
,,,,,,
,,,,,,
,,,,,,
,,,,,,
,,,,,,
,,,,,,
,,,,,,
,,,,,,
,,,,,,
PolicyCoverage ,GrossPremium,GrossPremium,Double,,,
,,,,,,
,,,,,,
,,,,,,
,,,,,,
,,,,,,
,,,,,,
,,,,,,
,,,,,,
,,,,,,
,,,,,,
,,,,,,
,,,,,,
,,,,,,
,,,,,,
,,,,,,
,,,,,,
,,,,,,
,,,,,,
,,,,,,
,,,,,,
,,,,,,
,,,,,,
,,,,,,
,,,,,,
,,,,,,
,,,,,,
,,,,,,
,,,,,,
,,,,,,
,,,,,,
,,,,,,
,,,,,,
,,,,,,
,,,,,,
,,,,,,
,,,,,,
,,,,,,
,,,,,,
,,,,,,
,,,,,,
,,,,,,
,,,,,,
,,,,,,
,,,,,,
,,,,,,
,,,,,,
,,,,,,
,,,,,,
,,,,,,
,,,,,,
,,,,,,
,,,,,,
,,,,,,
,,,,,,
,,,,,,
,,,,,,
,,,,,,
,,,,,,
,,,,,,
,,,,,,
,,,,,,
,,,,,,
,,,,,,
,,,,,,
,,,,,,
,,,,,,
,,,,,,
,,,,,,
,,,,,,
,,,,,,
,,,,,,
,,,,,,
,,,,,,
,,,,,,
,,,,,,
,,,,,,
,,,,,,
,,,,,,
,,,,,,
,,,,,,
,,,,,,
,,,,,,
,,,,,,
,,,,,,
,,,,,,
,,,,,,
,,,,,,
,,,,,,
,,,,,,
,,,,,,
,,,,,,
,,,,,,
,,,,,,
,,,,,,
,,,,,,
,,,,,,
,,,,,,
,,,,,,
,,,,,,
,,,,,,
,,,,,,
,,,,,,
,,,,,,
PolicyCoverage ,LineOfBusinessCode,LineOfBusinessCode,String,Y,lineofBusinessCode,
,,,,,,
PolicyCoverage ,ProductElementCode,ProductElementCode,String,Y,,
,,,,,,
,,,,,,
PolicyEntity,propertyBusinessContentSpecifiedItemsCategory,Category,String,O,,
,,,,,,
PolicyEntity,propertyBusinessContentSpecifiedItemsCategory_Name,Category_Name,String,O,T_Category_List,T_Category_List
,,,,,,
PolicyEntity,propertyBusinessContentSpecifiedItemsdescription,ItemsDescription,String,O,,
,,,,,,
PolicyEntity,Replacement Value,ReplacementValue,Integer,O,,
,,,,,,
,,,,Y,,
PolicyBenefit,ProductElementCode,ProductElementCode,String,,,
,,,,,,
,,,,,,
,,,,,,
,,,,,,
,,,,,,
,,,,,,
,,,,,,
,,,,,,
,,,,,,
,,,,,,
,,,,,,
,,,,,,
,,,,,,
PolicyBenefit,Blanket Cover Content ,BlanketCoverContent,Integer,Y,,
,,,,,,
,,,,,,
,,,,,,
,,,,,,
,,,,,,
,,,,,,
PolicyBenefit,ProductElementCode,ProductElementCode,String,,,
,,,,Y,,
,,,,,,
,,,,,,
,,,,,,
,,,,,,
,,,,,,
,,,,,,
,,,,,,
,,,,,,
,,,,,,
,,,,,,
,,,,,,
,,,,,,
PolicyBenefit,Blanket Cover Stock,BlanketCoverStock,Integer,Y,,
,,,,,,
,,,,,,
,,,,,,
,,,,,,
PolicyBenefit,Excess,Excess,Double,Y,T_Excess,T_Excess
,,,,,,
,,,,,,
,,,,,,
,,,,Y,,
PolicyBenefit,ProductElementCode,ProductElementCode,String,,,
,,,,,,
,,,,,,
,,,,,,
,,,,,,
,,,,,,
,,,,,,
,,,,,,
PolicyBenefit,Total Replacement Value,ReplacementValueOfTotalContents,String,Y,,
,,,,,,
,,,,,,
,,,,,,
PolicyBenefit,Excess,Excess,Double,Y,T_Excess,T_Excess
,,,,,,
,,,,,,
,,,,,,
PolicyEntity,Claims In Last Five Years?,QuestionId,Long,Y,QuestionMaster,QuestionMaster
,,AnswerCode,String,,T_YesNo,T_YesNo
,,,,,,
,,,,,,
,,,,,,
,,,,,,
,,,,,,
,,,,,,
,,,,,,
,,,,,,
,,,,,,
,,,,,,
,,,,,,
,,,,,,
,,,,,,
PolicyCoverage ,STAMP DUTY,StampDuty,Double,,,
,,,,,,
,,,,,,
,,,,,,
,,,,,,
,,,,,,
,,,,,,
,,,,,,
,,,,,,
,,,,,,
,,,,,,
,,,,,,
,,,,,,
,,,,,,
,,,,,,
,,,,,,
,,,,,,
,,,,,,
PolicyCoverage ,GST,GST,Double,,,
,,,,,,
,,,,,,
,,,,,,
,,,,,,
,,,,,,
,,,,,,
,,,,,,
,,,,,,
,,,,,,
,,,,,,
,,,,,,
,,,,,,
,,,,,,
,,,,,,
PolicyCoverage ,EMERGENCY SERVICE LEVY,EmergencyServiceLevy,Double,,,
,,,,,,
,,,,,,
,,,,,,
,,,,,,
,,,,,,
,,,,,,
,,,,,,
,,,,,,
,,,,,,
,,,,,,
,,,,,,
,,,,,,
,,,,,,
,,,,,,
,,,,,,
,,,,,,
PolicyCoverage ,GSTBrokerCommission,GSTBrokerCommission,Double,,,
,,,,,,
,,,,,,
,,,,,,
,,,,,,
,,,,,,
,,,,,,
,,,,,,
,,,,,,
,,,,,,
,,,,,,
,,,,,,
,,,,,,
,,,,,,
,,,,,,
,,,,,,
PolicyCoverage ,GSTAgentCommission,GSTAgentCommission,Double,,,
,,,,,,
,,,,,,
,,,,,,
,,,,,,
,,,,,,
,,,,,,
,,,,,,
,,,,,,
,,,,,,
,,,,,,
,,,,,,
,,,,,,
,,,,,,
,,,,,,
,,,,,,
,,,,,,
,,,,,,
,,,,,,
,,,,,,
,,,,,,
,,,,,,
,,,,,,
,,,,,,
,,,,,,
,,,,,,
,,,,,,
,,,,,,
,,,,,,
,,,,,,
,,,,,,
,,,,,,
,,,,,,
,,,,,,
,,,,,,
,,,,,,
,,,,,,
PolicyCoverage ,Property Comission,PropCommission,Integer,,,
,,,,,,
,,,,,,
,,,,,,
,,,,,,
,,,,,,
,,,,,,
,,,,,,
,,,,,,
,,,,,,
,,,,,,
,,,,,,
,,,,,,
,,,,,,
,,,,,,
,,,,,,
,,,,,,
,,,,,,
,,,,,,
,,,,,,
,,,,,,
,,,,,,
,,,,,,
,,,,,,
,,,,,,
,,,,,,
,,,,,,
,,,,,,
,,,,,,
,,,,,,
PolicyCoverage ,GrossPremium,GrossPremium,Double,,,
,,,,,,
,,,,,,
,,,,,,
,,,,,,
,,,,,,
,,,,,,
,,,,,,
,,,,,,
,,,,,,
,,,,,,
,,,,,,
,,,,,,
,,,,,,
,,,,,,
,,,,,,
,,,,,,
,,,,,,
,,,,,,
,,,,,,
,,,,,,
,,,,,,
PolicyCoverage ,LineOfBusinessCode,LineOfBusinessCode,String,Y,lineofBusinessCode,
,,,,,,
PolicyCoverage ,ProductElementCode,ProductElementCode,String,Y,,
,,,,,,
,,,,,,
PolicyBenefit,ProductElementCode,ProductElementCode,String,Y,,
,,,,,,
,,,,,,
,,,,,,
,,,,,,
,,,,,,
,,,,,,
,,,,,,
,,,,,,
,,,,,,
PolicyBenefit,Sum Insured,SumInsured,Double,Y,,
,,,,,,
,,,,,,
,,,,,,
,,,,,,
,,,,,,
PolicyBenefit,Excess,Excess,Double,Y,T_Excess,T_Excess
,,,,,,
,,,,,,
,,,,,,
,,,,,,
,,,,,,
,,,,,,
PolicyBenefit,ProductElementCode,ProductElementCode,String,Y,,
,,,,,,
,,,,,,
,,,,,,
,,,,,,
,,,,,,
,,,,,,
,,,,,,
,,,,,,
,,,,,,
PolicyBenefit,Sum Insured,SumInsured,Double,Y,,
,,,,,,
,,,,,,
,,,,,,
,,,,,,
,,,,,,
PolicyBenefit,Excess,Excess,Double,Y,T_Excess,T_Excess
,,,,,,
,,,,,,
,,,,,,
,,,,,,
,,,,,,
,,,,,,
PolicyBenefit,ProductElementCode,ProductElementCode,String,Y,,
,,,,,,
,,,,,,
,,,,,,
,,,,,,
,,,,,,
,,,,,,
,,,,,,
,,,,,,
,,,,,,
PolicyBenefit,Sum Insured,SumInsured,Double,Y,,
,,,,,,
,,,,,,
,,,,,,
,,,,,,
,,,,,,
PolicyBenefit,Excess,Excess,Double,Y,T_Excess,T_Excess
,,,,,,
,,,,,,
,,,,,,
,,,,,,
,,,,,,
,,,,,,
,,,,,,
,,,,,,
,,,,,,
,,,,,,
,,,,,,
,,,,,,
,,,,,,
,,,,,,
,,,,,,
,,,,,,
,,,,,,
,,,,,,
,,,,,,
PolicyEntity,Claims In Last Five Years?,QuestionId,Long,Y,QuestionMaster,QuestionMaster
,,AnswerCode,String,,T_YesNo,T_YesNo
,,,,,,
,,,,,,
,,,,,,
PolicyEntity,Is the location covered by Sprinklers that are in accordance with Australian Standards? ,QuestionId,Long,Y,QuestionMaster,QuestionMaster
,,AnswerCode,String,,T_YesNo,T_YesNo
,,,,,,
,,,,,,
,,,,,,
PolicyEntity,Is the property going to be unoccupied for more than 30 days? ,QuestionId,Long,Y,QuestionMaster,QuestionMaster
,,AnswerCode,String,,T_YesNo,T_YesNo
,,,,,,
,,,,,,
,,,,,,
PolicyEntity,Are the premises 100% covered by sprinklers?,QuestionId,Long,Y,QuestionMaster,QuestionMaster
,,AnswerCode,String,,T_YesNo,T_YesNo
,,,,,,
,,,,,,
,,,,,,
PolicyEntity ,Are the premises connected to Town Water?,QuestionId,Long,,QuestionMaster,QuestionMaster
,,AnswerCode,String,,T_YesNo,T_YesNo
PolicyEntity ,Is the business located in a Retail or Office Building with after hours security? ,QuestionId,Long,,QuestionMaster,QuestionMaster
,,AnswerCode,String,,T_YesNo,T_YesNo
PolicyEntity ,Are there any free standing or benchtop deep fryers or any wok cooking at the location? ,QuestionId,Long,,QuestionMaster,QuestionMaster
,,AnswerCode,String,,T_YesNo,T_YesNo
,,,,,,
,,,,,,
,,,,,,
,,,,,,
PolicyCoverage ,STAMP DUTY,StampDuty,Double,,,
,,,,,,
,,,,,,
,,,,,,
,,,,,,
,,,,,,
,,,,,,
,,,,,,
,,,,,,
,,,,,,
,,,,,,
,,,,,,
,,,,,,
,,,,,,
,,,,,,
,,,,,,
,,,,,,
,,,,,,
PolicyCoverage ,GST,GST,Double,,,
,,,,,,
,,,,,,
,,,,,,
,,,,,,
,,,,,,
,,,,,,
,,,,,,
,,,,,,
,,,,,,
,,,,,,
,,,,,,
,,,,,,
,,,,,,
,,,,,,
,,,,,,
,,,,,,
PolicyCoverage ,EMERGENCY SERVICE LEVY,EmergencyServiceLevy,Double,,,
,,,,,,
,,,,,,
,,,,,,
,,,,,,
,,,,,,
,,,,,,
,,,,,,
,,,,,,
,,,,,,
,,,,,,
,,,,,,
,,,,,,
,,,,,,
,,,,,,
,,,,,,
,,,,,,
,,,,,,
PolicyCoverage ,GSTBrokerCommission,GSTBrokerCommission,Double,,,
,,,,,,
,,,,,,
,,,,,,
,,,,,,
,,,,,,
,,,,,,
,,,,,,
,,,,,,
,,,,,,
,,,,,,
,,,,,,
,,,,,,
,,,,,,
,,,,,,
,,,,,,
,,,,,,
PolicyCoverage ,GSTAgentCommission,GSTAgentCommission,Double,,,
,,,,,,
,,,,,,
,,,,,,
,,,,,,
,,,,,,
,,,,,,
,,,,,,
,,,,,,
,,,,,,
,,,,,,
,,,,,,
,,,,,,
,,,,,,
,,,,,,
,,,,,,
,,,,,,
,,,,,,
,,,,,,
,,,,,,
,,,,,,
,,,,,,
,,,,,,
,,,,,,
,,,,,,
,,,,,,
,,,,,,
,,,,,,
,,,,,,
,,,,,,
,,,,,,
,,,,,,
,,,,,,
,,,,,,
,,,,,,
,,,,,,
,,,,,,
,,,,,,
,,,,,,
,,,,,,
,,,,,,
,,,,,,
,,,,,,
,,,,,,
,,,,,,
,,,,,,
,,,,,,
,,,,,,
,,,,,,
,,,,,,
,,,,,,
,,,,,,
,,,,,,
,,,,,,
,,,,,,
,,,,,,
,,,,,,
,,,,,,
,,,,,,
,,,,,,
,,,,,,
,,,,,,
,,,,,,
,,,,,,
,,,,,,
,,,,,,
,,,,,,
,,,,,,
,,,,,,
,,,,,,
,,,,,,
,,,,,,
,,,,,,
,,,,,,
,,,,,,
,,,,,,
,,,,,,
,,,,,,
,,,,,,
,,,,,,
,,,,,,
,,,,,,
,,,,,,
,,,,,,
,,,,,,
,,,,,,
,,,,,,
,,,,,,
,,,,,,
,,,,,,
,,,,,,
,,,,,,
,,,,,,
,,,,,,
,,,,,,
,,,,,,
,,,,,,
,,,,,,
,,,,,,
,,,,,,
,,,,,,
,,,,,,
,,,,,,
,,,,,,
,,,,,,
,,,,,,
,,,,,,
,,,,,,
,,,,,,
,,,,,,
,,,,,,
,,,,,,
,,,,,,
,,,,,,
,,,,,,
,,,,,,
,,,,,,
,,,,,,
,,,,,,
,,,,,,
,,,,,,
,,,,,,
,,,,,,
,,,,,,
,,,,,,
,,,,,,
,,,,,,
,,,,,,
,,,,,,
,,,,,,
,,,,,,
,,,,,,
,,,,,,
,,,,,,
,,,,,,
,,,,,,
,,,,,,
,,,,,,
,,,,,,
,,,,,,
,,,,,,
,,,,,,
,,,,,,
,,,,,,
,,,,,,
,,,,,,
,,,,,,
,,,,,,
,,,,,,
,,,,,,
,,,,,,
,,,,,,
,,,,,,
,,,,,,
,,,,,,
,,,,,,
,,,,,,
,,,,,,
,,,,,,
,,,,,,
,,,,,,
,,,,,,
,,,,,,
,,,,,,
,,,,,,
,,,,,,
,,,,,,
PolicyCoverage ,Property Comission,PropCommission,Integer,,,
,,,,,,
,,,,,,
,,,,,,
,,,,,,
,,,,,,
,,,,,,
,,,,,,
,,,,,,
,,,,,,
,,,,,,
,,,,,,
,,,,,,
,,,,,,
,,,,,,
,,,,,,
,,,,,,
,,,,,,
,,,,,,
,,,,,,
,,,,,,
,,,,,,
,,,,,,
,,,,,,
,,,,,,
,,,,,,
,,,,,,
,,,,,,
,,,,,,
,,,,,,
,,,,,,
,,,,,,
,,,,,,
,,,,,,
,,,,,,
,,,,,,
,,,,,,
,,,,,,
,,,,,,
,,,,,,
,,,,,,
,,,,,,
,,,,,,
,,,,,,
,,,,,,
,,,,,,
,,,,,,
,,,,,,
,,,,,,
,,,,,,
,,,,,,
,,,,,,
,,,,,,
,,,,,,
,,,,,,
,,,,,,
,,,,,,
,,,,,,
,,,,,,
,,,,,,
,,,,,,
,,,,,,
,,,,,,
,,,,,,
,,,,,,
,,,,,,
,,,,,,
,,,,,,
,,,,,,
,,,,,,
,,,,,,
,,,,,,
,,,,,,
,,,,,,
,,,,,,
,,,,,,
,,,,,,
,,,,,,
,,,,,,
,,,,,,
,,,,,,
,,,,,,
,,,,,,
,,,,,,
,,,,,,
,,,,,,
,,,,,,
,,,,,,
,,,,,,
,,,,,,
,,,,,,
,,,,,,
,,,,,,
,,,,,,
,,,,,,
,,,,,,
,,,,,,
,,,,,,
,,,,,,
,,,,,,
PolicyCoverage ,GrossPremium,GrossPremium,Double,,,
,,,,,,
,,,,,,
,,,,,,
,,,,,,
,,,,,,
,,,,,,
,,,,,,
,,,,,,
,,,,,,
,,,,,,
,,,,,,
,,,,,,
,,,,,,
,,,,,,
,,,,,,
,,,,,,
,,,,,,
,,,,,,
,,,,,,
,,,,,,
,,,,,,
,,,,,,
,,,,,,
,,,,,,
,,,,,,
,,,,,,
,,,,,,
,,,,,,
,,,,,,
,,,,,,
,,,,,,
,,,,,,
,,,,,,
,,,,,,
,,,,,,
,,,,,,
,,,,,,
,,,,,,
,,,,,,
,,,,,,
,,,,,,
,,,,,,
,,,,,,
,,,,,,
PolicyCoverage ,ProductElementCode,ProductElementCode,String,Y,,
,,,,,,
,,,,Y,,
PolicyBenefit,ProductElementCode,ProductElementCode,String,,,
,,,,,,
,,,,,,
,,,,,,
,,,,,,
,,,,,,
,,,,,,
,,,,,,
,,,,,,
,,,,,,
PolicyBenefit,Theft Excess,Excess,Double,Y,T_Excess,T_Excess
,,,,,,
,,,,,,
,,,,,,
,,,,,,
,,,,,,
PolicyBenefit,Theft (Tobacco),TheftTobacco,Integer,Y,,
,,,,,,
,,,,,,
,,,,,,
,,,,,,
,,,,,,
PolicyBenefit,Theft (Excluding Tobacco),TheftExcludingTobacco,Integer,Y,,
,,,,,,
,,,,,,
,,,,,,
,,,,,,
,,,,,,
PolicyBenefit,Security,SecurityAlarm,String,Y,T_Security,T_Security
,,,,,,
PolicyBenefit,Deadlocks on all External Doors,DeadlocksonallExternalDoors,String,C,,
,,,,,,
PolicyBenefit,Key Operated Locks on all External Windows,KeyOpredLocksonallExterWins,String,C,,
,,,,,,
PolicyBenefit,Bars/security screens on all external windows?,Barsecurscreensonallexternwins,String,C,,
,,,,,,
,,,,,,
PolicyBenefit,ProductElementCode,ProductElementCode,String,Y,,
,,,,,,
,,,,,,
,,,,,,
,,,,,,
,,,,,,
,,,,,,
,,,,,,
,,,,,,
,,,,,,
PolicyBenefit,Money Excess,Excess,Double,O,T_Excess,T_Excess
,,,,,,
,,,,,,
,,,,,,
,,,,,,
,,,,,,
PolicyBenefit,Money on premises during business hours,MoneyInPremisesDuringBuSInessSI,String,Y,,
,,,,,,
,,,,,,
,,,,,,
,,,,,,
,,,,,,
PolicyBenefit,Money on premises outside business hours,Moneyonpremoutsidebusinesshrs,Integer,Y,,
,,,,,,
,,,,,,
,,,,,,
,,,,,,
PolicyBenefit,Money on premises in a locked safe,Moneyonpremlockedsafe,Integer,Y,,
,,,,,,
,,,,,,
,,,,,,
,,,,,,
,,,,,,
,,,,,,
PolicyBenefit,Money in transit,MoneyInTranSItSI,String,Y,,
,,,,,,
,,,,,,
,,,,,,
,,,,,,
,,,,,,
PolicyBenefit,Money in a private residence,Moneyinapvtresidence,Integer,Y,,
,,,,,,
,,,,,,
,,,,,,
,,,,,,
,,,,,,
,,,,,,
PolicyBenefit,ProductElementCode,ProductElementCode,String,Y,,
,,,,,,
,,,,,,
,,,,,,
,,,,,,
,,,,,,
,,,,,,
,,,,,,
,,,,,,
,,,,,,
PolicyBenefit,Glass Excess,Excess,Double,O,T_Excess,T_Excess
,,,,,,
,,,,,,
,,,,,,
,,,,,,
,,,,,,
PolicyBenefit,Glass Sum Insured,GlassSumInsured,String,Y,,
,,,,,,
PolicyBenefit,Type of Glass,TypeofGlass,String,Y,T_Type_of_Glass,T_Type_of_Glass
,,,,,,
PolicyBenefit,Plate or Non-Plate Glass,PlateTypeGlass,String,Y,T_Plate_Type,T_Plate_Type
,,,,,,
PolicyBenefit,Illuminated Signs Sum Insured,SumInsured,Integer,O,,
,,,,,,
PolicyBenefit,Percentage of Glass Above the Ground Floor,PercentageGlassAbvGrndFlr,Integer,Y,,
,,,,,,
,,,,,,
,,,,,,
,,,,,,
,,,,,,
,,,,,,
,,,,,,
,,,,,,
,,,,,,
,,,,,,
,,,,,,
,,,,,,
,,,,,,
,,,,,,
,,,,,,
PolicyEntity,Claims In Last Five Years?,QuestionId,Long,Y,QuestionMaster,QuestionMaster
,,AnswerCode,String,,T_YesNo,T_YesNo
,,,,,,
,,,,,,
,,,,,,
,,,,,,
,,,,,,
,,,,,,
,,,,,,
PolicyCoverage ,STAMP DUTY,StampDuty,Double,,,
,,,,,,
,,,,,,
,,,,,,
,,,,,,
,,,,,,
,,,,,,
,,,,,,
,,,,,,
,,,,,,
,,,,,,
,,,,,,
,,,,,,
,,,,,,
,,,,,,
,,,,,,
,,,,,,
,,,,,,
PolicyCoverage ,GST,GST,Double,,,
,,,,,,
,,,,,,
,,,,,,
,,,,,,
,,,,,,
,,,,,,
,,,,,,
,,,,,,
,,,,,,
,,,,,,
,,,,,,
,,,,,,
,,,,,,
,,,,,,
PolicyCoverage ,EMERGENCY SERVICE LEVY,EmergencyServiceLevy,Double,,,
,,,,,,
,,,,,,
,,,,,,
,,,,,,
,,,,,,
,,,,,,
,,,,,,
,,,,,,
,,,,,,
,,,,,,
,,,,,,
,,,,,,
,,,,,,
,,,,,,
,,,,,,
,,,,,,
PolicyCoverage ,GSTBrokerCommission,GSTBrokerCommission,Double,,,
,,,,,,
,,,,,,
,,,,,,
,,,,,,
,,,,,,
,,,,,,
,,,,,,
,,,,,,
,,,,,,
,,,,,,
,,,,,,
,,,,,,
,,,,,,
,,,,,,
,,,,,,
PolicyCoverage ,GSTAgentCommission,GSTAgentCommission,Double,,,
,,,,,,
,,,,,,
,,,,,,
,,,,,,
,,,,,,
,,,,,,
,,,,,,
,,,,,,
,,,,,,
,,,,,,
,,,,,,
,,,,,,
,,,,,,
,,,,,,
,,,,,,
,,,,,,
,,,,,,
,,,,,,
,,,,,,
,,,,,,
,,,,,,
,,,,,,
,,,,,,
,,,,,,
,,,,,,
,,,,,,
,,,,,,
PolicyCoverage ,Property Comission,PropCommission,Integer,,,
,,,,,,
,,,,,,
,,,,,,
,,,,,,
,,,,,,
,,,,,,
,,,,,,
,,,,,,
,,,,,,
,,,,,,
,,,,,,
,,,,,,
,,,,,,
,,,,,,
,,,,,,
,,,,,,
,,,,,,
,,,,,,
,,,,,,
,,,,,,
,,,,,,
,,,,,,
,,,,,,
,,,,,,
,,,,,,
,,,,,,
,,,,,,
,,,,,,
,,,,,,
,,,,,,
,,,,,,
,,,,,,
,,,,,,
,,,,,,
,,,,,,
,,,,,,
,,,,,,
,,,,,,
,,,,,,
,,,,,,
,,,,,,
,,,,,,
,,,,,,
,,,,,,
,,,,,,
,,,,,,
,,,,,,
,,,,,,
,,,,,,
PolicyCoverage ,GrossPremium,GrossPremium,Double,,,
,,,,,,
,,,,,,
,,,,,,
,,,,,,
,,,,,,
,,,,,,
,,,,,,
,,,,,,
,,,,,,
,,,,,,
,,,,,,
,,,,,,
,,,,,,
,,,,,,
,,,,,,
,,,,,,
,,,,,,
,,,,,,
,,,,,,
,,,,,,
,,,,,,
,,,,,,
,,,,,,
,,,,,,
,,,,,,
,,,,,,
,,,,,,
,,,,,,
,,,,,,
,,,,,,
,,,,,,
,,,,,,
,,,,,,
,,,,,,
,,,,,,
,,,,,,
,,,,,,
,,,,,,
,,,,,,
,,,,,,
,,,,,,
,,,,,,
,,,,,,
PolicyCoverage ,ProductElementCode,ProductElementCode,String,Y,,
,,,,,,
,,,,,,
PolicyBenefit,ProductElementCode,ProductElementCode,String,Y,,
,,,,,,
,,,,,,
,,,,,,
,,,,,,
,,,,,,
,,,,,,
,,,,,,
,,,,,,
,,,,,,
PolicyBenefit,Blanket Cover,BlanketCover,Integer,Y,T_Blanket_Cover,T_Blanket_Cover
,,,,,,
,,,,,,
,,,,,,
,,,,,,
,,,,,,
PolicyBenefit,Increased Cost of Working,ICOWIncreasedCostofWorking,Double,O,,
,,,,,,
,,,,,,
,,,,,,
,,,,,,
,,,,,,
PolicyBenefit,Excess,Excess,Double,O,T_Excess,T_Excess
,,,,,,
,,,,,,
,,,,,,
,,,,,,
,,,,,,
PolicyBenefit,Deterioration of Stock,DeteriorationOfStock,String,O,,
,,,,,,
PolicyBenefit,Number of Machines,NumberofMachines,Integer,Y,,
,,,,,,
,,,,,,
PolicyBenefit,ProductElementCode,ProductElementCode,String,Y,,
,,,,,,
,,,,,,
,,,,,,
,,,,,,
,,,,,,
,,,,,,
,,,,,,
,,,,,,
,,,,,,
,,,,,,
PolicyBenefit,Computers,ComputerLimit,Integer,O,,
,,,,,,
,,,,,,
,,,,,,
,,,,,,
,,,,,,
PolicyBenefit,Portable Electronic Equipment,PortableElectronicEquipment,Integer,O,,
,,,,,,
,,,,,,
,,,,,,
,,,,,,
,,,,,,
PolicyBenefit,Other Electronic Equipment,OtherElectronicEquipment,Integer,O,,
,,,,,,
,,,,,,
,,,,,,
,,,,,,
,,,,,,
PolicyBenefit,Excess,Excess,Double,O,T_Excess,T_Excess
,,,,,,
,,,,,,
,,,,,,
,,,,,,
,,,,,,
,,,,,,
,,,,,,
,,,,,,
,,,,,,
,,,,,,
,,,,,,
,,,,,,
,,,,,,
,,,,,,
,,,,,,
,,,,,,
,,,,,,
,,,,,,
,,,,,,
PolicyEntity,Claims In Last Five Years?,QuestionId,Long,Y,QuestionMaster,QuestionMaster
,,AnswerCode,String,,T_YesNo,T_YesNo
,,,,,,
,,,,,,
,,,,,,
,,,,,,
,,,,,,
,,,,,,
,,,,,,
PolicyCoverage ,STAMP DUTY,StampDuty,Double,,,
,,,,,,
,,,,,,
,,,,,,
,,,,,,
,,,,,,
,,,,,,
,,,,,,
,,,,,,
,,,,,,
,,,,,,
,,,,,,
,,,,,,
,,,,,,
,,,,,,
,,,,,,
,,,,,,
,,,,,,
PolicyCoverage ,GST,GST,Double,,,
,,,,,,
,,,,,,
,,,,,,
,,,,,,
,,,,,,
,,,,,,
,,,,,,
,,,,,,
,,,,,,
,,,,,,
,,,,,,
,,,,,,
,,,,,,
,,,,,,
PolicyCoverage ,EMERGENCY SERVICE LEVY,EmergencyServiceLevy,Double,,,
,,,,,,
,,,,,,
,,,,,,
,,,,,,
,,,,,,
,,,,,,
,,,,,,
,,,,,,
,,,,,,
,,,,,,
,,,,,,
,,,,,,
,,,,,,
,,,,,,
,,,,,,
,,,,,,
PolicyCoverage ,GSTBrokerCommission,GSTBrokerCommission,Double,,,
,,,,,,
,,,,,,
,,,,,,
,,,,,,
,,,,,,
,,,,,,
,,,,,,
,,,,,,
,,,,,,
,,,,,,
,,,,,,
,,,,,,
,,,,,,
,,,,,,
,,,,,,
PolicyCoverage ,GSTAgentCommission,GSTAgentCommission,Double,,,
,,,,,,
,,,,,,
,,,,,,
,,,,,,
,,,,,,
,,,,,,
,,,,,,
,,,,,,
,,,,,,
,,,,,,
,,,,,,
,,,,,,
,,,,,,
,,,,,,
,,,,,,
,,,,,,
,,,,,,
,,,,,,
,,,,,,
,,,,,,
,,,,,,
,,,,,,
,,,,,,
,,,,,,
,,,,,,
,,,,,,
,,,,,,
,,,,,,
,,,,,,
,,,,,,
,,,,,,
,,,,,,
,,,,,,
,,,,,,
,,,,,,
,,,,,,
PolicyCoverage ,Property Comission,PropCommission,Integer,,,
,,,,,,
,,,,,,
,,,,,,
,,,,,,
,,,,,,
,,,,,,
,,,,,,
,,,,,,
,,,,,,
,,,,,,
,,,,,,
,,,,,,
,,,,,,
,,,,,,
,,,,,,
,,,,,,
,,,,,,
,,,,,,
,,,,,,
,,,,,,
,,,,,,
,,,,,,
,,,,,,
,,,,,,
,,,,,,
,,,,,,
,,,,,,
,,,,,,
,,,,,,
PolicyCoverage ,GrossPremium,GrossPremium,Double,,,
,,,,,,
,,,,,,
,,,,,,
,,,,,,
,,,,,,
,,,,,,
,,,,,,
,,,,,,
,,,,,,
,,,,,,
,,,,,,
,,,,,,
,,,,,,
,,,,,,
,,,,,,
,,,,,,
,,,,,,
,,,,,,
,,,,,,
,,,,,,
,,,,,,
,,,,,,
,,,,,,
,,,,,,
,,,,,,
,,,,,,
,,,,,,
,,,,,,
,,,,,,
,,,,,,
,,,,,,
,,,,,,
,,,,,,
,,,,,,
,,,,,,
,,,,,,
,,,,,,
,,,,,,
PolicyEntity,Value,LossAmount,Double,C,,
PolicyCoverage ,ProductElementCode,ProductElementCode,String,C,,
PolicyEntity,Year of Loss,DateOfLoss,Date,C,,
PolicyEntity,Claim Type ,ClaimType,String,C,T_Claim_Type,T_Claim_Type
,,,,C,,
PolicyEntity,claimType_Name,ClaimType_Name,String,,T_Claim_Type,T_Claim_Type
,,,,,,
,,,,,,
Policy,Had any insurance declined or cancelled?,Hadanyinsurdeclinedorcancelled,String,Y,T_YesNo,T_YesNo
,,,,,,
,,,,,,
,,,,,,
,,,,,,
,,,,,,
Policy,Been convicted of any criminal offence?,ConvictedCriminalOffence,String,Y,T_YesNo,T_YesNo
,,,,,,
,,,,,,
,,,,,,
,,,,,,
,,,,,,
Policy,Been declared bankrupt or involved in a business which became insolvent or is subject to any form of insolvency administration? ,BankruptorInsolvencyBusiness,String,Y,T_YesNo,T_YesNo
,,,,,,
,,,,,,
,,,,,,
,,,,,,
,,,,,,
Policy,Suffered any loss or damage which would have been covered by the proposed insurance policy?,Sufferedlossordamagecovbyinspol,String,,T_YesNo,T_YesNo
,,,,,,
,,,,,,
,,,,,,
,,,,,,
,,,,,,
,,,,,,
,,,,,,
,,,,,,
,,,,,,
,,,,,,
,,,,,,
Policy,Agent Fees,AgentFees,Double,,,
Policy,GST on Agent Fees,GSTAgentFee,Double,,,
Policy,GST on Broker Fees,GSTBrokerFee,Double,,,
Policy,Total Payable,DuePremium,Integer,,,
PolicyEntity,Does the business undertake any work in Victoria and require cover for the Victorian Plumbers Consumer Protection Cover?,QuestionId,Long,Conditional mandatory based on occupation code,QuestionMaster,QuestionMaster
,,,,,,
,,,,,,
,,,,,,
,,,,,,
,,,,,,
,,,,,,
,,,,,,
,,,,,,
,,,,,,
,,,,,,
,,AnswerCode,String,,T_YesNo,T_YesNo
PolicyEntity,Does the business undertake any work in Queensland and require cover for the Queensland Electricians Consumer Protection Cover?,QuestionId,Long,Conditional mandatory based on occupation code,QuestionMaster,QuestionMaster
,,AnswerCode,String,,T_YesNo,T_YesNo
PolicyEntity,Do you require cover for playing surfaces?,QuestionId,Long,Conditional mandatory based on occupation code,QuestionMaster,QuestionMaster
,,AnswerCode,String,,T_YesNo,T_YesNo
PolicyEntity,"Does the business perform work away from insured's premises, that involves the use of cutting, welding or soldering equipment?",QuestionId,Long,Conditional mandatory based on occupation code,QuestionMaster,QuestionMaster
,,AnswerCode,String,,T_YesNo,T_YesNo
PolicyEntity,Is the business installing roofing insulation?,QuestionId,Long,Conditional mandatory based on occupation code,QuestionMaster,QuestionMaster
,,AnswerCode,String,,T_YesNo,T_YesNo
PolicyEntity,Print for all Property Owners ANZSICs,QuestionId,Long,Conditional mandatory based on occupation code,QuestionMaster,QuestionMaster
,,AnswerCode,String,,T_YesNo,T_YesNo
PolicyEntity,Print for all Hairdresser ANZSICs,QuestionId,Long,Conditional mandatory based on occupation code,QuestionMaster,QuestionMaster
,,AnswerCode,String,,T_YesNo,T_YesNo
PolicyEntity,Is this business a Yoga or Pilates Instructor or Studio? ,QuestionId,Long,Conditional mandatory based on occupation code,QuestionMaster,QuestionMaster
,,AnswerCode,String,,T_YesNo,T_YesNo
PolicyEntity,Are the business premises in a fully enclosed shopping complex,QuestionId,Long,Conditional mandatory based on occupation code,QuestionMaster,QuestionMaster
,,AnswerCode,String,,T_YesNo,T_YesNo
PolicyEntity,Is waste stored in an orderly manner and removed weekly?,QuestionId,Long,Conditional mandatory based on occupation code,QuestionMaster,QuestionMaster
,,AnswerCode,String,,T_YesNo,T_YesNo
PolicyEntity,Is the Building more than 50% occupied,QuestionId,Long,Conditional mandatory based on occupation code,QuestionMaster,QuestionMaster
,,AnswerCode,String,,T_YesNo,T_YesNo
PolicyEntity,"Does the business manufacture or directly import or export any safety, protective or baby clothing?",QuestionId,Long,Conditional mandatory based on occupation code,QuestionMaster,QuestionMaster
,,AnswerCode,String,,T_YesNo,T_YesNo
PolicyEntity,"Does the business undertake any single contracts greater than $200,000?",QuestionId,Long,Conditional mandatory based on occupation code,QuestionMaster,QuestionMaster
,,AnswerCode,String,,T_YesNo,T_YesNo
PolicyEntity,Does the business conduct any Tree lopping or branch cutting above 5 metres?,QuestionId,Long,Conditional mandatory based on occupation code,QuestionMaster,QuestionMaster
,,AnswerCode,String,,T_YesNo,T_YesNo
PolicyEntity,Does the business perform work above 3 stories?,QuestionId,Long,Conditional mandatory based on occupation code,QuestionMaster,QuestionMaster
,,AnswerCode,String,,T_YesNo,T_YesNo
PolicyEntity,Has the building been rewired?,QuestionId,Long,Conditional mandatory based on occupation code,QuestionMaster,QuestionMaster
,,AnswerCode,String,,T_YesNo,T_YesNo
PolicyEntity,Is any printing equipment left operating while the site is unattended?,QuestionId,Long,Conditional mandatory based on occupation code,QuestionMaster,QuestionMaster
,,AnswerCode,String,,T_YesNo,T_YesNo
PolicyEntity,Is there alcohol consumed on the premises?,QuestionId,Long,Conditional mandatory based on occupation code,QuestionMaster,QuestionMaster
,,AnswerCode,String,,T_YesNo,T_YesNo
PolicyEntity,Is the insured a Cabinet Maker? ,QuestionId,Long,Conditional mandatory based on occupation code,QuestionMaster,QuestionMaster
,,AnswerCode,String,,T_YesNo,T_YesNo
PolicyEntity,Does this business sell eBikes?,QuestionId,Long,Conditional mandatory based on occupation code,QuestionMaster,QuestionMaster
,,AnswerCode,String,,T_YesNo,T_YesNo
PolicyEntity,Does the business rent or hire sporting equipment to customers?,QuestionId,Long,Conditional mandatory based on occupation code,QuestionMaster,QuestionMaster
,,AnswerCode,String,,T_YesNo,T_YesNo
PolicyEntity,Are there any people under the age of 18 participating in the classes?,QuestionId,Long,Conditional mandatory based on occupation code,QuestionMaster,QuestionMaster
,,AnswerCode,String,,T_YesNo,T_YesNo
PolicyEntity,Does this business take students on any excursions?,QuestionId,Long,Conditional mandatory based on occupation code,QuestionMaster,QuestionMaster
,,AnswerCode,String,,T_YesNo,T_YesNo
PolicyEntity,Is any of the stock stored in the open air?,QuestionId,Long,Conditional mandatory based on occupation code,QuestionMaster,QuestionMaster
,,AnswerCode,String,,T_YesNo,T_YesNo
PolicyEntity,Does this business undertake any offsite installation for customers?,QuestionId,Long,Conditional mandatory based on occupation code,QuestionMaster,QuestionMaster
,,AnswerCode,String,,T_YesNo,T_YesNo
PolicyEntity,Does the business employ a professional cleaner to clean the exhaust or extraction system ducting annually?,QuestionId,Long,Conditional mandatory based on occupation code,QuestionMaster,QuestionMaster
,,AnswerCode,String,,T_YesNo,T_YesNo
PolicyEntity,"Are there any free standing or benchtop deep fryers or any wok cooking at the location?
",QuestionId,Long,Conditional mandatory based on occupation code,QuestionMaster,QuestionMaster
,,AnswerCode,String,,T_YesNo,T_YesNo
PolicyEntity," 
Is the location covered by Sprinklers that are in accordance with Australian Standards?",QuestionId,Long,Conditional mandatory based on occupation code,QuestionMaster,QuestionMaster
,,AnswerCode,String,,T_YesNo,T_YesNo
PolicyEntity,"Is the business located in a Retail or Office Building with after hours security?
",QuestionId,Long,Conditional mandatory based on occupation code,QuestionMaster,QuestionMaster
,,AnswerCode,String,,T_YesNo,T_YesNo
PolicyEntity,Are there commercial wood working operations performed at the Location?,QuestionId,Long,Conditional mandatory based on occupation code,QuestionMaster,QuestionMaster
,,AnswerCode,String,,T_YesNo,T_YesNo
PolicyCoverage,Plumber license number,PlumberLicenseNumber,String,,,
